Customer_ID,First_Name,Last_Name,Email,City,Country
C1000,Linda,Ayala,hamiltonandrew@yahoo.com,Barnestown,China
C1001,Sarah,Turner,jacksonthomas@sullivan.info,Port Levi,Kazakhstan
C1002,Krista,Jones,hannah64@gmail.com,South Michael,Bangladesh
C1003,Kelly,Krueger,alexanderrodriguez@horton.com,Moodyburgh,Central African Republic
C1004,Rachel,Moore,pwong@graham.net,New Sophia,Azerbaijan
C1005,Jennifer,Bailey,turnersteven@henderson-wilson.com,North Allen,Greenland
C1006,Mary,Rivera,cruiz@hotmail.com,Hernandezmouth,Egypt
C1007,Travis,Montgomery,kennethgallegos@williams-smith.biz,North Tyler,Papua New Guinea
C1008,Justin,Goodwin,mmclaughlin@hotmail.com,West Maria,United Arab Emirates
C1009,Ashley,Reed,freemantodd@hotmail.com,Jeremyfort,Nauru
C1010,Martin,Sellers,jenniferrice@yahoo.com,Reynoldsburgh,Lao People's Democratic Republic
C1011,Andrew,Blackwell,adamsdeborah@yahoo.com,Costaton,Senegal
C1012,Robert,Wilson,pdean@west-graham.com,Suzanneland,Mali
C1013,Nathaniel,Johnson,taylorkim@hotmail.com,Janiceport,United States Minor Outlying Islands
C1014,Patricia,Robertson,sandra72@sharp-myers.biz,East April,Luxembourg
C1015,Katelyn,Phillips,kmarsh@hotmail.com,Larachester,Saint Helena
C1016,Erica,Miller,hannah17@thompson.org,Smithport,Bouvet Island (Bouvetoya)
C1017,Wesley,Ayala,leonsherry@yahoo.com,West Crystal,Croatia
C1232,Christian,Booker,rodriguezmatthew@hotmail.com,Brookebury,Jersey
C1018,Lori,Clark,jasonwilliams@gmail.com,Carrberg,Liechtenstein
C1019,Christy,Jennings,michael22@hotmail.com,Matthewstad,Russian Federation
C1020,Christine,Poole,morgandaniel@martinez.info,West Annette,Ukraine
C1021,Natalie,Graham,kristen08@yahoo.com,Brownmouth,Svalbard & Jan Mayen Islands
C1022,Andrea,Parks,mccarthysara@lloyd-estes.com,Robertborough,Greece
C1023,Mitchell,Johnson,colonbobby@jackson.com,Haleymouth,Burundi
C1024,Christopher,King,jessicaerickson@hotmail.com,Buchananside,Morocco
C1025,Roberto,Bartlett,mooremichael@gmail.com,Barbaramouth,Zambia
C1026,Jerry,Sullivan,scottperry@sanchez.com,East Tammy,Micronesia
C1027,James,Wilson,christopherwatson@yahoo.com,Lake Brittany,Yemen
C1028,Nathan,Brown,edwardmolina@yahoo.com,Port Lori,United States Virgin Islands
C1029,Amber,Charles,lauriegutierrez@villanueva-crane.net,Elliotttown,Malaysia
C1030,Jonathan,Roberts,ramoskayla@hotmail.com,Williamville,Ecuador
C1031,Lisa,Campbell,morganrichard@hamilton.com,Christensenmouth,Bulgaria
C1032,Jane,Short,levinetina@liu.net,New Travisview,Canada
C1033,Christopher,Robinson,regina04@hotmail.com,South Perryborough,Antarctica (the territory South of 60 deg S)
C1034,Rebecca,Atkinson,ngriffin@weber.com,Jenniferstad,Sudan
C1035,Mark,Evans,nicolemiller@hotmail.com,South Johntown,Peru
C1036,Traci,Camacho,vhardy@gmail.com,Michaelfort,Sao Tome and Principe
C1037,Tina,Smith,christopherarnold@hotmail.com,Port Joseph,Bolivia
C1038,Brenda,Williams,andrewzamora@hotmail.com,Toddmouth,Burkina Faso
C1039,Jennifer,Kelley,marilyntorres@yahoo.com,Port Lisa,South Africa
C1040,Daniel,Figueroa,skinnerjordan@gomez.com,New Cassie,Haiti
C1041,Christine,Whitehead,ashley07@yahoo.com,Jessicaborough,Indonesia
C1042,Brenda,White,michaelmitchell@armstrong.com,Johnfurt,Saint Lucia
C1043,Dawn,Wilson,zachary35@garcia-dawson.biz,Haynestown,Somalia
C1044,Latoya,Brown,brownpamela@lewis-miller.net,Joseberg,Saint Kitts and Nevis
C1045,Wanda,Dunn,lwiggins@yahoo.com,Anthonychester,Tokelau
C1046,Angel,Powers,fbarker@hotmail.com,West Stevenberg,Austria
C1047,Craig,Carpenter,drewmartinez@hotmail.com,Garrettside,Mayotte
C1048,Heather,Lambert,tammypalmer@hotmail.com,New Sean,Comoros
C1049,Dustin,Jones,,Danielview,China
C1050,John,Murphy,,Hillmouth,Argentina
C1051,Melissa,Hernandez,,Frankberg,Turks and Caicos Islands
C1052,Rhonda,Benjamin,,Stephanieville,Aruba
C1053,Erik,Floyd,kelleycarlos@butler.com,Port Markfort,Estonia
C1054,Margaret,Hill,kimberly79@gmail.com,Donaldfurt,Senegal
C1055,Michael,Rivera,qgill@hernandez-luna.com,Lake Ryanmouth,Mexico
C1056,Jeremy,Hampton,zhall@yahoo.com,Thompsonton,Liechtenstein
C1057,Mr.,Matthew,pfitzgerald@cline.com,Marioshire,Netherlands
C1058,Ronald,Vance,schneiderchristopher@hotmail.com,New Brianberg,Sudan
C1059,Nicholas,Sims,karenshaw@martinez.com,Brownland,Wallis and Futuna
C1060,Stephanie,Atkinson,kristin39@miller-ferguson.com,East Curtis,Poland
C1061,Robin,Riley,henrysarah@yahoo.com,Lake Jimmy,Turks and Caicos Islands
C1062,Christy,Johnson,robertheath@yahoo.com,Teresamouth,Lao People's Democratic Republic
C1063,Steven,Fernandez,christopher18@gmail.com,South Matthewland,Malaysia
C1064,Brittany,Long,iantate@gmail.com,Moraleston,Macao
C1065,Leah,Vincent,dgregory@hotmail.com,Mayfurt,Macedonia
C1066,Jonathan,Davis,anthonybrown@yahoo.com,New Mackenzie,Tonga
C1067,Adam,Allen,douglas54@david-lam.com,South Erik,Mongolia
C1232,Christian,Booker,rodriguezmatthew@hotmail.com,Brookebury,Jersey
C1068,Vicki,Sutton,karenwillis@romero-gordon.com,Jeremyton,Kazakhstan
C1069,Brenda,Moore,floresangela@gmail.com,North Dawnbury,Guernsey
C1070,Krystal,Brennan,russelljesus@gmail.com,Williamsbury,Poland
C1071,Nicholas,Crosby,sanchezangela@gmail.com,East Stephanie,Cote d'Ivoire
C1072,Philip,Hall,ogriffin@hotmail.com,New Luis,Puerto Rico
C1073,David,Barnett,nathanielgalloway@medina.net,Avilafurt,Saint Vincent and the Grenadines
C1074,Rebecca,Hughes,smithsteven@hotmail.com,New Kathyfort,Saint Helena
C1075,Sierra,Williams,aaronmahoney@yahoo.com,Lake Jenniferchester,Romania
C1076,Ashley,Schmitt,mary65@hotmail.com,North Jameston,Turkey
C1077,Denise,Harmon,brandon89@turner.com,East Brandi,Holy See (Vatican City State)
C1078,Laura,Bennett,natalie39@bernard.com,West Jacquelineshire,Papua New Guinea
C1079,Kevin,Villanueva,qnelson@yahoo.com,Williamburgh,Malawi
C1080,David,Kaufman,stevegreene@gmail.com,Lewisside,Guinea-Bissau
C1081,Jared,Roth,lynchadam@chambers.net,Lake Julieport,Colombia
C1082,Ricky,Eaton,ymedina@hotmail.com,Angelahaven,Dominica
C1083,Stephen,Gonzales,staffordlisa@chambers-gomez.biz,Mooreborough,Northern Mariana Islands
C1084,Jose,Campbell,xthompson@hotmail.com,Matthewmouth,Marshall Islands
C1085,Christopher,Guzman,fordsharon@smith-paul.com,Philipport,India
C1086,Mary,Perry,christopheraustin@yahoo.com,Johnsonhaven,Uzbekistan
C1087,Brian,Leonard,tinacoffey@campbell.org,Harrisville,Bahamas
C1088,Kevin,Holland,gonzalezlori@rodriguez-ramirez.net,South Lindaborough,South Georgia and the South Sandwich Islands
C1089,David,Anderson,andreakeller@hotmail.com,Port Ashley,Taiwan
C1090,Brandy,Hunt,chapmanjulie@green.com,Marissaborough,Uzbekistan
C1091,Bridget,Jackson,melaniejohnson@hotmail.com,Michaelton,Sao Tome and Principe
C1092,Kellie,Sullivan,bsmith@hotmail.com,New Pamela,Somalia
C1093,Marcia,Johns,ryan64@frazier.info,Jaytown,Suriname
C1094,Samantha,Valentine,,Alexanderburgh,Seychelles
C1095,Lawrence,Ruiz,zstewart@gmail.com,Jamiefurt,Armenia
C1096,Mr.,Jason,beardlindsey@hotmail.com,Stephenfurt,Cook Islands
C1097,Patricia,Hanson,prosario@martin.com,South Timothy,Andorra
C1098,Carol,Jennings,castillolindsey@robles.com,Laurabury,Fiji
C1099,Linda,Jones,vallen@underwood.com,New Danieltown,Gabon
C1100,Carlos,Smith,oduran@riley-miller.com,New Brendantown,Dominica
C1101,Susan,Cohen,sedwards@patton.info,Sarahport,Uzbekistan
C1102,Lisa,Thompson,cheryl61@byrd.com,Jamesshire,Iceland
C1103,Linda,Rich,nmorales@yahoo.com,North Brian,Oman
C1104,Nicole,Davis,chavezsteven@hobbs-harvey.com,Lake James,Belgium
C1105,Stephanie,Ryan,lholmes@rodriguez.org,Harmonstad,Suriname
C1106,Todd,Gregory,rebeccamartinez@scott.info,West Roberttown,Montenegro
C1107,Jason,Golden,devinwilliams@collins.net,Kayleeville,Timor-Leste
C1108,Jessica,Mays,brandy82@gmail.com,Donaldmouth,South Africa
C1109,Dr.,Gregory,carrie45@gmail.com,North Samantha,Montenegro
C1110,Sara,Johnston,younglori@trevino.com,South Gregville,Gibraltar
C1111,David,Cannon,petersonelizabeth@holt.org,Lake Jimmyshire,Bouvet Island (Bouvetoya)
C1112,Angela,George,robert21@yahoo.com,Josephshire,Kuwait
C1113,Deanna,Smith,arobinson@walker.com,Brownberg,Bangladesh
C1114,Adrienne,Mills,lindsay63@yahoo.com,North Raymond,Guatemala
C1115,Jaime,Harris,,Johnsonfort,Syrian Arab Republic
C1116,Jennifer,Rodriguez,crystaldurham@yahoo.com,Rivaschester,Tunisia
C1117,Kevin,Green,gonzalezjustin@mcclure.com,North Barbara,Central African Republic
C1118,Krystal,Carr,gregorysmith@yahoo.com,Lake Bryanview,Zimbabwe
C1119,Jennifer,Harris,deckerderrick@cobb.com,Jenniferborough,Cote d'Ivoire
C1120,Cassandra,Hansen,mikewatson@gmail.com,Andrewview,Tunisia
C1121,Dr.,Kenneth,wilsonnicole@gmail.com,East Hannah,Saint Lucia
C1122,Charles,Shields,amandabenson@greene-rowland.com,Lake Bradleyshire,Montenegro
C1123,David,Logan,melissaphillips@murphy.com,Hansenfort,United Arab Emirates
C1124,Ariel,Romero,fclark@gibbs-mendez.com,Lake Melinda,Vanuatu
C1125,Rebecca,Mendez,victor72@yahoo.com,West Michaelstad,Trinidad and Tobago
C1056,Jeremy,Hampton,zhall@yahoo.com,Thompsonton,Liechtenstein
C1126,Amy,Price,fbaldwin@yahoo.com,Hooverside,Bermuda
C1127,Regina,Morrow,ylittle@hotmail.com,West Donna,Angola
C1128,Kyle,Davis,jeffreyharris@foster.biz,Jessicaside,Slovakia (Slovak Republic)
C1129,Jacob,Lynch,selenabrooks@hotmail.com,West Jill,Canada
C1130,Tara,Morales,karenphillips@bell.org,Richardshire,Norway
C1131,Donna,Stuart,bhayes@yahoo.com,Watsonstad,Montserrat
C1132,Raymond,Thompson,ystewart@gmail.com,Dylanfort,Chad
C1133,Adam,Jefferson,phall@howard.com,Wardchester,Slovakia (Slovak Republic)
C1134,Chloe,Bowers,sara11@ward.com,New Jonberg,Vanuatu
C1135,Melissa,Gilbert,emilywright@hotmail.com,Sandymouth,Saint Lucia
C1136,Heather,Pena,janicebolton@hotmail.com,Molinaburgh,Western Sahara
C1137,Angie,Hill,carrillojuan@yahoo.com,West Williamberg,Myanmar
C1138,Michael,Sullivan,wunderwood@hotmail.com,Amberburgh,San Marino
C1139,Adrian,Padilla,wvaldez@grimes.com,Port Laura,Guernsey
C1140,Krista,Barber,lhall@todd.com,Millerchester,Panama
C1141,Lauren,Bailey,roymcmahon@yahoo.com,New Amyhaven,Anguilla
C1142,Courtney,Mccarty,jcole@brooks.com,New Adamside,Bermuda
C1143,Jared,Smith,porterdonna@yahoo.com,Lake Jeremy,Gabon
C1144,Jonathan,Hansen,robertjennings@yahoo.com,Tracymouth,Congo
C1145,Gina,Wilson,brenda90@gmail.com,Amyfurt,Lesotho
C1198,Erik,Delgado,ijones@hotmail.com,Port Dianashire,Bouvet Island (Bouvetoya)
C1146,Deanna,Medina,ashley99@camacho.biz,Robinsonstad,Falkland Islands (Malvinas)
C1147,Danielle,Ramos,glopez@hudson-hayes.com,Wattsville,Palau
C1148,John,Sanchez,damontran@serrano.info,Lake Dawn,Trinidad and Tobago
C1149,Reginald,Maldonado,jamespruitt@campbell-hall.net,Port Heather,Saint Pierre and Miquelon
C1150,Shannon,Olson,hbrown@jackson.biz,Lake Aaron,Madagascar
C1151,James,Kramer,andersonrobert@jones.com,South Drewland,Congo
C1152,Michael,Mcbride,ryan72@andrews.info,Johnfurt,Azerbaijan
C1153,Harry,Nichols,adrianthomas@gmail.com,Marciaside,New Caledonia
C1154,Deborah,Mitchell,aliciakent@yahoo.com,Port Jamestown,Swaziland
C1155,Paul,Peterson,vjohnston@gmail.com,West Davidburgh,Congo
C1156,Cassandra,Edwards,treed@yahoo.com,North Jonville,United States Minor Outlying Islands
C1157,Kenneth,White,robertwhite@hotmail.com,Duffyfurt,Albania
C1158,Tara,Lee,qcruz@gmail.com,Lake Carlamouth,Montserrat
C1159,Cynthia,Allen,chale@mcclure.com,Brooksport,Israel
C1160,Daryl,Conley,wolfejennifer@gmail.com,Harveyfort,Latvia
C1161,Heather,Maxwell,jriddle@gmail.com,Lake Traviston,Belize
C1162,Blake,Sosa,camposwilliam@yahoo.com,Florestown,Cote d'Ivoire
C1163,Aaron,Vincent,nmartin@hotmail.com,Jackiefurt,Poland
C1164,Jacqueline,Stewart,ojohnson@lowe.biz,South Haleystad,Namibia
C1165,Sierra,Andrews,qjohnson@fletcher.com,Vangfurt,Luxembourg
C1166,Clayton,Duran,fmurray@hotmail.com,South Katherineland,Bermuda
C1167,Jennifer,Christensen,rtaylor@jackson.org,Kingland,Netherlands
C1168,Joseph,Henderson,kellynichols@jackson-powers.com,East Jenniferville,Brazil
C1169,Amanda,Reed,scottthompson@hotmail.com,Jamesmouth,Cameroon
C1170,Patty,Bryant,scottwilliams@cain.com,New Tracey,Indonesia
C1171,Joseph,Stewart,scott90@gmail.com,West Kylemouth,Australia
C1172,Michael,Gray,sarahbrooks@gmail.com,New Robert,Norfolk Island
C1173,Isaiah,Hensley,smithanthony@rogers.com,Lake Davidtown,Canada
C1174,Dennis,Adams,roblesmaria@ramsey.biz,Jonesburgh,Saint Martin
C1175,Grace,White,marcus39@villa.biz,Hillshire,Canada
C1176,Jason,Goodwin,jasonkelly@smith.com,Solisside,Brazil
C1177,James,Hayes,olewis@barrett.org,West Brendahaven,Cote d'Ivoire
C1178,Veronica,Parks,jonesjeffery@yahoo.com,Thompsonmouth,Cayman Islands
C1179,Michelle,Brock,marquezkylie@hotmail.com,Melissaton,British Indian Ocean Territory (Chagos Archipelago)
C1180,Selena,Gonzalez,susan95@horton.com,Carolynchester,Tonga
C1181,Nancy,Kennedy,cynthiahenson@yahoo.com,Lake Ericland,Poland
C1182,Javier,Taylor,rogerscharlotte@hotmail.com,South Todd,Uzbekistan
C1183,Lydia,Ferguson,vdixon@gmail.com,South Kimberlyburgh,Reunion
C1184,John,King,andrewblake@parker.biz,Williamsburgh,Kuwait
C1185,Amber,Garcia,brownnicholas@harris-bennett.com,West Michelle,Ireland
C1186,Daniel,King,vstevenson@ramirez.com,Perezmouth,Lao People's Democratic Republic
C1187,Anne,Garner,karen35@yahoo.com,North Frankberg,Sao Tome and Principe
C1188,Isaac,Grant,amberknox@mcneil.com,South Tylerchester,Panama
C1189,Hailey,Jenkins,isaiah01@yahoo.com,Lake Aliciastad,Burundi
C1190,Michael,Jacobs,brettbraun@martinez.org,South Thomasview,Austria
C1191,Marie,Ryan,williamsimmons@collins-griffith.com,Grantchester,Brazil
C1192,Dominique,Nguyen,catherineturner@hotmail.com,North Christopherstad,Netherlands
C1193,Patricia,Griffin,josephharrington@gmail.com,Moralesbury,Sierra Leone
C1194,Louis,Ford,egray@yahoo.com,North Andrew,Samoa
C1195,Sheena,Davidson,ywolf@yahoo.com,New Jacobborough,Peru
C1196,Jennifer,Salazar,fsimmons@larson-hernandez.com,Kellerside,Benin
C1197,Terry,Miller,dford@yahoo.com,Angelafort,Brazil
C1198,Erik,Delgado,ijones@hotmail.com,Port Dianashire,Bouvet Island (Bouvetoya)
C1199,Lisa,Foster,ericlopez@gmail.com,Wilsonton,Hong Kong
C1200,Priscilla,Mcmillan,asullivan@yahoo.com,East Dylan,Iraq
C1201,Kelly,Cole,pburns@hotmail.com,Lake Jacqueline,Bosnia and Herzegovina
C1202,Scott,Martinez,hdyer@frederick-martin.biz,West Briantown,Bulgaria
C1203,David,Manning,william75@hotmail.com,New Elizabethshire,United States Minor Outlying Islands
C1204,Christine,Sanders,vhouse@allen.com,West Nicoleberg,Cocos (Keeling) Islands
C1205,Timothy,Kennedy,josegibson@hernandez.com,Samanthafort,Armenia
C1206,Randy,Warren,wisedawn@sanders-willis.com,East Elizabeth,British Indian Ocean Territory (Chagos Archipelago)
C1207,Ashley,Montgomery,bmartin@holt-mason.net,Mendozaville,Nicaragua
C1208,Jean,Perez,jessica11@hotmail.com,South Angela,Saint Helena
C1209,Jessica,Martinez,josephclark@hotmail.com,East Elizabethhaven,Antigua and Barbuda
C1210,Carolyn,Johnson,adam27@gmail.com,Port Kathleen,Kiribati
C1211,Thomas,Lin,ayalarobert@pena-quinn.com,Palmerland,Burkina Faso
C1212,Seth,Donovan,jacob23@white-fry.info,East Courtney,Saint Kitts and Nevis
C1213,Brandy,Fry,jamesbrady@green.info,Francostad,Guam
C1214,Leslie,Bryant,christophermiller@hill.com,Port Jose,Panama
C1215,Sherry,Graham,wwashington@smith.com,Port Ryanmouth,Samoa
C1216,Kimberly,Stout,clarklatoya@morrison-hatfield.com,Johnsonstad,Uzbekistan
C1217,Mr.,Brandon,msherman@yahoo.com,Colebury,Malta
C1218,Christopher,Smith,evelyn55@gmail.com,South Christina,Senegal
C1219,Olivia,Taylor,dgray@yahoo.com,Lucasburgh,Kazakhstan
C1220,Joseph,Watts,smithmonica@yahoo.com,New Adriana,Venezuela
C1221,Pedro,Evans,guzmanmisty@tapia-walton.com,Mejiachester,Egypt
C1222,Linda,Robles,qmontgomery@yahoo.com,South Carlland,Congo
C1223,Chelsea,Khan,aaronlittle@yahoo.com,Port Darlene,Uzbekistan
C1224,David,Espinoza,morgan57@lawson.org,Joshuaview,Niger
C1225,Sandra,Walker,ronnie71@cruz.net,Santosmouth,San Marino
C1226,Mario,Black,tylermiller@davies.info,Marymouth,Saint Lucia
C1227,Lisa,Benson,pbates@lewis.com,Melissafort,Croatia
C1228,Matthew,Patel,bholder@hickman.biz,Hughesshire,Argentina
C1229,Cole,Jones,jenniferwade@hotmail.com,South Matthew,French Polynesia
C1230,Brian,Gibson,sandraschultz@davis-holt.com,Hesterside,Montenegro
C1231,Michael,Vasquez,nicholas68@stokes-walker.com,West Crystalview,Congo
C1232,Christian,Booker,rodriguezmatthew@hotmail.com,Brookebury,Jersey
C1233,William,Campbell,berrydavid@finley-ray.com,Saramouth,Hong Kong
C1234,Jeffrey,Smith,lawrencejames@yahoo.com,New James,Guadeloupe
C1246,Caitlin,Chandler,jasonbrock@gmail.com,Dustinland,Singapore
C1235,Adrian,Robinson,kelsey28@hotmail.com,Jamesmouth,Cote d'Ivoire
C1236,Richard,Jimenez,fosteramanda@stewart-cabrera.com,Ramirezchester,Martinique
C1237,Michael,Johnson,jfrazier@campbell.com,Port Chloe,American Samoa
C1238,Paul,Thomas,wayne14@hotmail.com,Port Kayla,Panama
C1239,James,Daniels,troypadilla@yahoo.com,Jamesstad,Christmas Island
C1240,Steven,Wright,eric33@fitzgerald.info,Jamesmouth,Korea
C1241,Adam,Villegas,tracey20@hotmail.com,North Jenny,Pakistan
C1242,Janice,Proctor,roberto75@yahoo.com,Danielleborough,Turkey
C1243,Zachary,Gonzalez,rosejustin@hotmail.com,Isaacfort,Papua New Guinea
C1244,Anna,Wade,udavis@glenn.com,Johnfort,Sudan
C1245,James,Ali,barbararamos@yahoo.com,Sarahmouth,Gabon
C1246,Caitlin,Chandler,jasonbrock@gmail.com,Dustinland,Singapore
C1247,Krista,Martinez,jessica91@floyd.biz,Davidfurt,Maldives
C1248,Mr.,Isaac,davisterri@landry.net,Smithborough,Bosnia and Herzegovina
C1249,Valerie,Young,obooker@hotmail.com,Sarahmouth,Canada
C1250,Adrian,Bauer,austinallen@yahoo.com,Williamchester,Serbia
C1251,Jennifer,Sanchez,denisebennett@hotmail.com,West Brent,Slovenia
C1252,Lauren,Vazquez,phancock@hill-delgado.com,Fullerfort,Finland
C1253,Brittney,Townsend,wilsondavid@barnett.org,South Samuelmouth,Christmas Island
C1254,Jonathan,Parks,heather19@gmail.com,East Herbertstad,Bolivia
C1255,Wayne,Malone,scooke@yahoo.com,North Melanieview,Bermuda
C1256,Henry,Moore,corybrown@hotmail.com,New Amandaberg,Finland
C1257,Ashley,Freeman,bhess@hawkins-herrera.net,Lake Gloriaborough,Angola
C1258,Justin,Newman,stonebrenda@hotmail.com,Lake Ashleytown,Somalia
C1259,Steven,Quinn,tammymerritt@atkins.com,West Tiffanyview,Micronesia
C1260,James,Ramsey,hmcbride@anderson.com,Russellbury,Pitcairn Islands
C1261,Andrew,Mann,melissa01@hunter.net,New Cassandra,Indonesia
C1262,Kimberly,Henry,qrowland@wright.net,Sarahstad,Nigeria
C1263,Kimberly,Morris,ftaylor@hotmail.com,East Andrew,Mali
C1264,Sean,George,catherine83@hotmail.com,Kathrynburgh,Burundi
C1265,Caitlyn,Schmidt,youngjacob@chase-lewis.com,Harristown,Uzbekistan
C1266,Robert,Weaver,joshua96@pierce.biz,North Ashley,Guadeloupe
C1267,Ricardo,Hunter,qbryant@coleman.com,Lisaville,Tokelau
C1268,Sonya,Harvey,jenniferelliott@hotmail.com,East Meganbury,Algeria
C1269,Manuel,Flores,uunderwood@gray-maynard.com,South Chelsea,Montserrat
C1270,Walter,Fuentes,david18@jones-bowman.com,East Joshua,Papua New Guinea
C1271,Michael,Cannon,dustin34@gmail.com,East Emilychester,Greece
C1272,Douglas,Ortiz,opetty@lynn-patton.com,Griffinbury,Burkina Faso
C1273,Brent,Hopkins,brianna71@bailey.com,Port Christophermouth,Canada
C1274,Todd,White,jacksonstacey@white-shaffer.net,Hernandezfurt,Nauru
C1275,Brian,Lee,qvargas@gmail.com,Johnsonview,France
C1276,Martin,Price,douglasbradley@brown-swanson.com,Lake Travis,Honduras
C1277,Marcus,Garza,lmann@andersen-lindsey.net,Marcfort,Brunei Darussalam
C1278,Mitchell,Smith,stephanie83@yahoo.com,Masseyborough,Andorra
,,,,,
C1279,Mary,Hebert,richard51@miller.com,Drewland,Tajikistan
C1280,Julie,Fowler,paulangela@stokes-smith.biz,Jacksonfurt,Swaziland
C1281,Patrick,Zamora,rjimenez@barron.org,East Leon,Namibia
C1282,Rebecca,Brown,kleinjacqueline@reed.net,Hillport,Congo
C1283,Kendra,Navarro,roconnell@mckee.com,South Caroline,Reunion
C1284,Angela,Lewis,hendersonnicholas@yahoo.com,Yushire,Tanzania
C1285,Ashley,Hall,,Lake Heidi,Haiti
C1286,Corey,Sandoval,aaronwelch@yahoo.com,Marqueztown,Guernsey
C1287,Theresa,Hansen,sarah80@stafford-charles.com,Armstrongstad,Saint Helena
C1288,Nichole,Miranda,gilbertmark@yahoo.com,Smithchester,Hong Kong
C1289,Megan,Park,baileyjennifer@gomez-garcia.info,Blankenshipland,Taiwan
C1290,Brian,Sparks,ricerachel@martinez-freeman.com,Scottbury,Somalia
C1291,Kathy,Sandoval,thomasbrooks@yahoo.com,Michaelview,Bahrain
C1292,Lindsay,Mahoney,amandaadams@yahoo.com,Moorebury,Sudan
C1293,Krista,Shea,donaldburgess@gmail.com,Port Barry,Saint Vincent and the Grenadines
C1294,Jennifer,Schultz,danielmitchell@gmail.com,Diazbury,Saint Pierre and Miquelon
C1295,Erica,Allen,cmanning@gmail.com,Lake Ruthland,Palau
C1296,Jaime,Pierce,rmoyer@fisher.info,West Christianview,Afghanistan
C1297,Heather,Chavez,karen68@mclean.com,Hernandezberg,Sri Lanka
C1298,April,Johnson,martinezmaurice@saunders.com,Ramirezburgh,Venezuela
C1299,Alan,Taylor,vbray@gmail.com,South Larry,Croatia
C1300,Abigail,Joyce,froberts@gmail.com,East Monicaton,Saint Barthelemy
C1301,Ethan,Ingram,christinadaniel@gmail.com,West Amy,Papua New Guinea
C1302,Samantha,Ellison,katie43@hoover.com,Jacobsonbury,Mongolia
C1303,Laura,Duncan,victoriagarza@hernandez.com,Port Susanland,Nauru
C1304,Joe,Moore,ronaldjensen@lin.biz,Port Craigburgh,Guatemala
C1305,Steve,Wright,jeffreysimmons@gmail.com,Port Stevenstad,Brunei Darussalam
C1306,Eric,Duncan,torresjoseph@yahoo.com,East Amanda,Slovakia (Slovak Republic)
C1307,Claudia,Jones,dwright@gmail.com,East Kristin,Puerto Rico
C1308,John,Freeman,williamsjulie@mitchell.org,Melissaview,Mozambique
C1309,Michele,Weiss,flopez@cook-rodriguez.com,New Williamton,Luxembourg
C1310,Martin,Johnson,michael59@jacobs.org,Taylorton,Swaziland
C1311,Jane,Deleon,eatondavid@hotmail.com,Mooreberg,Andorra
C1312,Felicia,Hobbs,willisrhonda@roth.com,Port Chelsea,Singapore
C1313,Timothy,Martinez,kevin73@le.net,Audreyview,Bhutan
C1314,Nicole,Atkinson,patricia71@yahoo.com,Sanchezburgh,Denmark
C1315,Madison,Chen,gbarnes@jackson.com,Lake Johnton,Korea
C1316,Joseph,Flores,sosabruce@hotmail.com,South Derekport,British Indian Ocean Territory (Chagos Archipelago)
C1317,Erin,Wolfe,isimpson@mata.biz,Ricefort,Cambodia
C1318,Michael,Osborn,nlawson@gmail.com,Piercefurt,Falkland Islands (Malvinas)
C1319,Nicole,Johnston,ashleyvargas@suarez.info,Haydenhaven,Comoros
C1320,Jeffrey,Hartman,melissa44@hotmail.com,Kristinshire,Jamaica
C1321,George,Alvarez,jeffreyferguson@williams-hernandez.com,Waltonhaven,Vietnam
C1322,Kimberly,Baker,morgan03@nichols.com,Jacksonfort,Guinea-Bissau
C1323,Jeffrey,Wolfe,christopher84@hotmail.com,Port Benjamin,Mayotte
C1324,Karen,Gonzalez,svillanueva@galloway-garrett.com,New Virginiaport,Greece
C1325,Kenneth,Hoffman,jessicaramirez@yahoo.com,New Rebeccafurt,Mauritania
C1326,Kelly,Allen,sharphailey@scott.com,Evanstown,Haiti
C1327,Michael,Johnston,markharris@hotmail.com,Tonytown,Iceland
C1328,Jason,Diaz,seanblair@yahoo.com,South Kimberly,Gambia
C1329,Gregory,Rios,racheldavis@gmail.com,South Michelle,Serbia
C1330,Caroline,Bailey,lisathompson@hotmail.com,Lake Laura,Uzbekistan
C1331,Rebekah,Hanson,deborahsmith@gmail.com,Sancheztown,Bulgaria
C1332,Thomas,Hall,mmcdaniel@thomas.com,South Johnny,Croatia
C1333,Brittney,Chandler,hgarcia@gmail.com,Owensmouth,Tanzania
C1334,Patrick,Sanchez,grayandrew@hines.com,Nicolemouth,Anguilla
C1335,Brittany,Wall,kaylaadams@greene.com,South Susan,Eritrea
C1336,Greg,Brock,harristimothy@hotmail.com,East Penny,Western Sahara
C1337,John,Rivera,kylemendoza@gmail.com,West Nathanielstad,Belarus
C1338,Christy,Payne,courtney10@garcia.com,Blankenshipchester,Tuvalu
C1339,Kimberly,Dean,aaronwalker@gmail.com,New Kellyhaven,Samoa
C1340,Melissa,Barnett,phernandez@yahoo.com,Williamsfort,Slovakia (Slovak Republic)
C1341,Kelsey,Scott,tmcdaniel@vasquez.com,West Markport,Cape Verde
C1342,Curtis,Horton,michael95@ward.com,North Victoria,Anguilla
C1343,John,Landry,royrogers@shelton.com,Lake Jennifer,Cambodia
C1344,Matthew,Alvarado,nancy47@hotmail.com,Brianhaven,Liberia
C1345,Heather,Rodriguez,lisa10@gmail.com,Lake Adriana,Venezuela
C1346,Stephen,Hughes,dylan77@wilson.com,South Richardmouth,Austria
C1347,Katie,Mckinney,morrisdavid@gomez-snyder.info,Christyport,Jamaica
C1348,Kari,Harper,devon36@yahoo.com,Brenthaven,British Virgin Islands
C1349,Cristian,Rasmussen,opatel@yahoo.com,South Katherinechester,Guyana
C1350,Michelle,Williams,xrose@shepherd.com,Lake Kimberlyshire,New Zealand
C1351,Elizabeth,Burns,victoriasmith@wells.com,East Sarahfurt,Central African Republic
C1352,Alicia,Sutton,kenneththomas@hotmail.com,Donnamouth,Lesotho
C1353,Eric,Ferrell,jasonwalker@hotmail.com,Douglasborough,Djibouti
C1354,Desiree,Brown,haydenjane@quinn-horton.biz,New Patrickfurt,Micronesia
C1355,James,Cooke,mileselizabeth@gmail.com,North Bradley,Lithuania
C1356,Terry,Avery,anthonydiaz@gmail.com,East Jamesshire,Fiji
C1357,James,Taylor,smithmariah@hernandez-white.com,South Lauren,Bahamas
C1358,Kelly,Gregory,vjenkins@yahoo.com,South Amy,Chad
C1359,Melissa,Butler,daniel00@potter.biz,Veronicaborough,Nepal
C1360,Jessica,Edwards,,North Frankton,Nicaragua
C1361,Joann,Anderson,rhuynh@boyd.com,Jessicaland,Bahamas
C1362,Lauren,Sutton,robinsonisaiah@hotmail.com,South Rose,Kenya
C1363,Charles,Barker,pwoods@sullivan.com,Lake Trevor,Saint Helena
C1364,Susan,Jordan,josephgarcia@yahoo.com,Lake Stevemouth,Saint Helena
C1365,Patricia,Douglas,allenfrancisco@gmail.com,Melissaview,Belize
C1366,Brooke,Jones,carlaavila@lopez-harris.com,Crystalmouth,Jersey
C1367,Michelle,White,christopher99@elliott.com,Lake Evelyn,Japan
C1368,Brianna,Johnson,christopher40@walton-benjamin.net,Lindabury,Tokelau
C1369,William,Ali,karen52@leonard.net,Port Andrew,Namibia
C1370,Patrick,Underwood,andrewflynn@willis-christian.com,Nelsonhaven,Angola
C1371,Nancy,Hernandez,faithmiller@davis.com,Victorfurt,Isle of Man
C1372,Carlos,Johnson,seth25@ward-chase.biz,New Kevinview,Denmark
C1373,Miss,Lisa,nallen@jones.info,Port Earlbury,Bulgaria
C1374,Crystal,Johnson,thomasmonica@dillon.info,East Steven,Brunei Darussalam
C1375,Richard,Anderson,sedwards@jones.com,North Heidi,Tokelau
C1376,Julie,Banks,jonesjennifer@yahoo.com,Robertfurt,Finland
C1377,James,Wells,wgood@yahoo.com,Knightport,Malta
C1378,Darrell,Ortiz,bonillatracy@trevino-morales.org,East Franciscofort,Pakistan
C1379,Tammy,Clements,nrichardson@brooks-fleming.net,Port Leeton,Western Sahara
C1380,Michael,Harris,natalie09@hotmail.com,Sullivanchester,United Arab Emirates
C1381,Christopher,Blevins,,South Thomas,Botswana
C1382,Luis,Watts,onash@sawyer-caldwell.com,West Sharonville,Guam
C1383,Stacy,Patterson,dday@gmail.com,Joefort,Ghana
C1384,Lisa,Holloway,jessicalowery@tate-gonzalez.com,Chapmanfurt,Eritrea
C1385,Jennifer,Crosby,matthew97@park.com,Atkinsonport,Zambia
C1386,Kimberly,Davidson,jjohnson@yahoo.com,New Linda,Tonga
C1387,Amanda,Rodriguez,lukejohnson@schroeder.biz,Erikmouth,Cayman Islands
C1388,Shawn,Rich,brianparrish@hotmail.com,Castanedaville,Sweden
C1389,Joshua,Terrell,johnny21@gmail.com,North Lauratown,Turkey
C1390,James,Hubbard,richard47@warren-caldwell.com,New Roy,Poland
C1391,Cheryl,Gonzales,davisrachel@richmond-phillips.com,Port Lindseyberg,Niue
C1392,Patricia,Mitchell,iolson@hotmail.com,North Thomaston,Norway
C1393,Edward,Ellison,sgomez@price.org,West Tonya,Albania
C1394,Stephanie,Ford,sharpbeth@morris.com,Erikastad,Cyprus
C1395,Ann,Mason,peggypeck@lin-wilson.biz,North Frederickport,Reunion
C1396,Kevin,Shannon,mcneilsherry@gmail.com,Craigshire,Russian Federation
C1397,Jenna,Morris,johnsonjulie@gmail.com,North Christinaborough,Tonga
C1398,Jesse,Mosley,carolynrobinson@gmail.com,South Madison,France
C1399,Sonya,Davis,woodmichael@mosley-shaw.com,Rodriguezshire,Antigua and Barbuda
C1400,Matthew,Dawson,wgutierrez@yahoo.com,Christinahaven,Egypt
C1401,Nicholas,Davis,daniel27@yahoo.com,Port Cheyenneberg,Bahamas
C1402,Madison,Miller,angelamartin@yahoo.com,South Catherineview,British Virgin Islands
C1403,Monica,Hester,megan64@hotmail.com,Lake Kimberly,Andorra
C1404,Caitlin,Pierce,shafferdale@smith.org,South Catherineport,New Zealand
C1405,Christopher,Rogers,zgordon@contreras.com,South Melissaburgh,Guyana
C1406,Shari,Martin,harnold@gates.com,Patrickstad,United States of America
C1407,Randy,Williams,podonnell@hotmail.com,Kellyfurt,United Kingdom
C1408,Nicholas,Woodward,ayerskimberly@hotmail.com,Romanbury,Iraq
C1409,Christopher,Roach,nichole44@yahoo.com,Elizabethborough,Zimbabwe
C1410,April,Cannon,mcculloughrobert@johnson.net,South Eduardo,Luxembourg
C1411,Jonathan,Jimenez,george96@gmail.com,North Christopher,Monaco
C1412,Lisa,Snyder,christinalong@gmail.com,East Danielmouth,United States Virgin Islands
C1413,Matthew,Chavez,sheilamyers@hotmail.com,East Jennifer,Seychelles
C1414,Kyle,Smith,hstrong@kim.com,Kayleemouth,Northern Mariana Islands
C1415,Diana,Fuller,ocameron@hood-moore.com,Lake Timothy,Korea
C1416,Christine,Lopez,davissamuel@carrillo.net,Martinezside,Heard Island and McDonald Islands
C1417,Gregory,Thomas,ujohnson@lucero.com,Sharonborough,Jamaica
C1418,Kenneth,Morrison,denisewalker@nichols.biz,Douglasstad,Uganda
C1419,Brandon,Rodriguez,hillsavannah@hotmail.com,South James,Solomon Islands
C1420,Candace,Mitchell,rodriguezsara@rodriguez.com,North Anthonyview,Gambia
C1421,Laura,Hart,,Lopezfort,Niger
C1422,Nicole,Ward,tuckerconnie@gmail.com,Barrettfurt,Bahrain
C1423,Randy,Morris,opreston@yahoo.com,Shannonmouth,Heard Island and McDonald Islands
C1424,Samantha,Chang,kentberger@bradley.com,Barrettshire,Kenya
C1425,Ana,Ruiz,mcooley@hotmail.com,North Misty,Namibia
C1426,Scott,Murphy,aimeescott@lee.net,West Robert,Philippines
C1427,Daniel,Clark,javierdiaz@johnson.com,Hutchinsonmouth,Slovakia (Slovak Republic)
C1428,Kenneth,Krause,josepholson@bailey.com,North Nicole,Guernsey
C1429,Anita,Ramsey,zgraham@gmail.com,New Cassandra,Holy See (Vatican City State)
C1430,Rachel,Mann,jamesmathis@hotmail.com,Rebeccaburgh,Finland
C1431,Ryan,Green,ygarcia@hotmail.com,Johnsontown,Jamaica
C1432,Lisa,Ho,lauramckay@yahoo.com,Jenniferstad,Tajikistan
C1433,Kathleen,Daniel,vhenderson@yahoo.com,Aaronfort,China
C1434,Dr.,Stephen,lawsonruben@hotmail.com,East Dylan,Yemen
C1435,Bruce,Marshall,rachael17@gmail.com,Alyssahaven,Egypt
C1436,Nancy,Clark,brenda49@clements.com,South Kayla,El Salvador
C1437,Jennifer,Williams,ruben25@jones.com,South Tamarashire,Lesotho
C1438,Robert,Lewis,kimberlymartinez@yahoo.com,Ambermouth,Tajikistan
C1439,Melissa,King,jason95@hoffman.com,West Marvinchester,Botswana
C1440,Eric,Pierce,dakotaramirez@shah.org,South Mariachester,Burundi
C1441,Ashley,Cook,,Sloanshire,Taiwan
C1442,Keith,Choi,langvictor@fisher-martinez.com,West Mary,Sudan
C1443,Cheyenne,Bass,byoung@yahoo.com,South Joseph,El Salvador
C1444,Karen,Wells,buckjustin@johnson-ferguson.net,Port Jeromeshire,Kyrgyz Republic
C1445,Chad,Moore,deanna17@gallegos.com,Ralphtown,Jordan
C1446,Sean,Huang,karen61@hotmail.com,North Jeffrey,Afghanistan
C1447,Robert,Reilly,zsalazar@yahoo.com,Allentown,Bouvet Island (Bouvetoya)
C1448,Joseph,Cunningham,hallison@yahoo.com,Williamsland,Aruba
C1449,Kristen,Smith,walkermargaret@garcia.biz,Amandaside,Micronesia
C1450,Evelyn,Hendricks,christopherramsey@cabrera-medina.com,Smithport,Bahamas
C1451,Andrea,Hernandez,nicole01@valentine.com,South Vanessaborough,Seychelles
C1452,Gina,Brooks,knelson@gmail.com,Kimberlybury,British Indian Ocean Territory (Chagos Archipelago)
C1453,Carol,Obrien,martinezmichelle@hotmail.com,Castromouth,South Georgia and the South Sandwich Islands
C1454,Bruce,Patton,hbarnett@hotmail.com,New Diana,Slovenia
C1455,Scott,Mckinney,rstanley@barton-webb.com,Lake Rubenmouth,Malawi
C1456,Brandon,Wiley,jennifer58@gmail.com,South Andrew,British Virgin Islands
C1457,Ronald,Turner,jonestroy@smith.info,Lake Jessica,Argentina
C1458,Carrie,Brooks,,Lake Kelly,Cote d'Ivoire
C1459,Dale,Davis,jeanette28@gmail.com,Robertchester,Anguilla
C1460,Rebecca,Stein,sabrinacruz@parrish-palmer.biz,Lake Frank,Sri Lanka
C1461,Gerald,Webb,ramirezfrank@lynn-ray.com,Port Sarahport,United States Minor Outlying Islands
C1462,Emily,Murphy,vwalter@allen.com,North Tonyaville,Saint Pierre and Miquelon
C1463,Annette,Hendrix,alvarezalyssa@yahoo.com,East Cameronview,Somalia
C1464,Wendy,Harris,mcintoshchristopher@yahoo.com,North Kathy,Isle of Man
C1465,James,Hancock,randyjordan@brown-nelson.com,Davidside,Mexico
C1466,Eric,Williams,bdennis@carter.com,Dixonfort,Denmark
C1467,Shelby,Cook,gstone@hotmail.com,Kristenstad,Bolivia
C1468,Ashley,Miranda,susanrobinson@jacobson.com,West Gregoryborough,Korea
C1469,Alison,Blake,pateljoshua@lyons.com,Jessicaland,Iran
C1470,Christine,Gonzalez,yharris@gmail.com,East Dustinburgh,Falkland Islands (Malvinas)
C1471,Joseph,Mejia,janice40@gmail.com,South Vickie,Serbia
C1472,Denise,Moore,sstevenson@jackson.com,Anthonyfurt,Western Sahara
C1473,Tyler,Castro,martingibson@wade.com,Garciahaven,Bermuda
C1474,Joshua,Dunn,terriibarra@shelton.org,Lewisborough,Liechtenstein
C1475,Tony,Brock,faguilar@gmail.com,Ayalaland,Central African Republic
C1476,Carolyn,Collins,williamsandre@hotmail.com,Port Diane,Jamaica
C1477,Kimberly,Williams,aliciajackson@gmail.com,Grantmouth,Malaysia
C1478,Steven,Williams,torresjill@henry-bell.net,Morrisstad,Armenia
C1479,Brandon,Myers,dking@gmail.com,North Benjamin,Mauritius
C1480,Stephanie,Soto,jennifer89@yahoo.com,North Ashley,American Samoa
C1481,Jill,Kelly,gina02@chase-hopkins.com,Lake Sarahmouth,Malaysia
C1482,Craig,Chang,kjohnson@hotmail.com,Bradytown,Bhutan
C1483,Angela,Livingston,jamie13@yahoo.com,Michelleland,Sudan
C1484,Laura,Davis,natalie87@thompson.com,Port Cody,Saint Lucia
C1485,Melissa,Davis,rlandry@yahoo.com,New Derekfort,Paraguay
C1486,Matthew,Miranda,rileyjacqueline@martinez.com,Davidton,Haiti
C1487,Travis,Thomas,montesvictor@hotmail.com,Johnside,Kiribati
C1488,Deanna,Cox,hbecker@hanson-beck.com,Carterville,Botswana
C1489,Thomas,Rivera,calvin40@yahoo.com,West Elizabethberg,Cameroon
C1490,Erika,Freeman,justinwatkins@freeman.biz,Lisaberg,Namibia
C1491,Brian,Mendoza,williamsdevin@yahoo.com,Matthewchester,Antarctica (the territory South of 60 deg S)
C1492,Diane,Bailey,reevesdouglas@gonzalez.com,New Michaelfort,Trinidad and Tobago
C1493,Katie,Sullivan,pfitzpatrick@walsh.com,Joannachester,Saint Helena
C1494,Ashley,Hawkins,carla29@yahoo.com,North Tinamouth,Botswana
C1495,Eric,Murray,feliciagonzalez@gmail.com,Lake Christopher,Guam
C1496,Cynthia,Sanchez,kevinmiller@hotmail.com,New Carrie,Romania
C1497,John,Jones,nicholasliu@yahoo.com,West Danielview,Bahamas
C1498,Michael,Reynolds,alishabenson@donovan.biz,Lucasville,Kyrgyz Republic
C1499,Ms.,Gloria,dali@gmail.com,New Jason,Belize
C1500,Michael,Stevenson,idavis@meadows.com,East Brandonport,Congo
C1501,Sara,Wilson,brian62@santiago-ford.net,Port Jennifershire,Madagascar
C1502,Erika,Davis,millerjoseph@hotmail.com,Rebeccaport,Armenia
C1503,Eric,Sullivan,brooke49@vaughn-lin.com,South Karenton,Ireland
C1504,Melissa,Carlson,zacharyhart@taylor-jacobson.com,Samanthachester,Korea
C1505,Erin,Newman,jennifer07@hotmail.com,Lake Mathewton,Bosnia and Herzegovina
C1506,Daniel,Taylor,joneseric@meyer.com,North Clinton,Egypt
C1507,Nicole,Pacheco,gjohnson@myers-howe.com,North Patriciaton,Austria
C1508,Mary,Chavez,pmcgrath@hotmail.com,Pachecofurt,Kyrgyz Republic
C1509,Luis,West,nvillarreal@gmail.com,West Erikside,Rwanda
C1510,Shawn,Evans,daisylopez@hotmail.com,North Matthew,Denmark
C1511,Meghan,Sellers,williamlyons@alvarez.com,Lake Samantha,Grenada
C1512,Michelle,Herman,rrichardson@cruz-marsh.info,Lake Lisafort,Belgium
C1513,Lauren,Carr,shernandez@yahoo.com,Lake Jean,Australia
C1514,Sarah,Brown,tsmith@brewer.org,Lake Susan,Suriname
C1515,Tracy,Smith,odonnellmichael@gmail.com,South Adam,Trinidad and Tobago
C1516,Veronica,Rodriguez,khill@yahoo.com,Barbaraborough,France
C1517,Andre,Reynolds,rachel86@brown.org,Kelleyton,Guyana
C1518,Lori,Joseph,yespinoza@gmail.com,Clarkfurt,Malta
C1519,Jeffrey,Clark,sandra17@yahoo.com,Port Allison,Zimbabwe
C1520,Charles,Peters,barbarapennington@hotmail.com,Derekshire,Falkland Islands (Malvinas)
C1521,Heather,Butler,heidichapman@hotmail.com,Bartlettport,Liechtenstein
C1522,Shane,Martinez,bjones@hotmail.com,Johnville,French Southern Territories
C1523,Matthew,Thomas,colinrodriguez@alvarez.com,Scottfort,Cook Islands
C1524,Mary,Proctor,jessicacruz@nielsen-brown.com,North Richardborough,Spain
C1525,Chad,Shaffer,bradfordcharles@obrien-pittman.com,Hayleyshire,Iran
C1526,Stephanie,Dominguez,halenicholas@hotmail.com,Port Danielle,China
C1527,Lisa,Gibson,johnnykim@perez-harmon.biz,Lake Johnton,Brazil
C1528,Robert,Cruz,perkinscrystal@davis.com,East Julie,Romania
C1529,Jeff,Smith,ecarroll@yahoo.com,Lake Ralphborough,Congo
C1530,Dr.,Michael,nlee@carey.net,Susanshire,Anguilla
C1531,Amanda,Johnson,gonzalescolleen@carroll.net,Lake Jasonville,Andorra
C1532,Mr.,Kevin,wilsonjerry@hotmail.com,South Danielborough,Monaco
C1533,Nicholas,Fox,walkershelia@yahoo.com,Thomasville,Jordan
C1534,Nicole,Ramirez,carlos24@gmail.com,Markchester,Cocos (Keeling) Islands
C1535,Kelly,Bishop,reginald08@snow.com,Kellerview,Guernsey
C1536,Mark,Alvarado,morganjose@barron-brown.com,Alvaradoberg,Marshall Islands
C1537,Melinda,Ryan,youngcharles@hotmail.com,South Michael,Tokelau
C1538,Lisa,Berger,tina69@salazar.com,South Tracy,Malta
C1539,Alexandra,Gibson,garciatyler@gmail.com,Samuelview,Philippines
C1540,Laura,Rivera,ywoods@gmail.com,South Steventon,Guinea
C1541,William,Phillips,johnsonkimberly@ferguson.com,Lake Stephenport,Kiribati
C1542,Michael,Harper,hughesnicholas@gmail.com,South Daniel,Japan
C1543,Richard,Green,hdunn@yahoo.com,Donaldview,Romania
C1544,Laura,Berry,michael56@allen.org,South Kayla,Japan
C1545,Dorothy,Mclaughlin,robertgoodwin@bradley.com,Floydhaven,Nauru
C1546,John,Martinez,brownsamuel@williams-bailey.com,New Shawnport,El Salvador
C1547,Richard,King,catherinemendoza@gmail.com,South James,Luxembourg
C1548,Denise,Scott,wrightamy@thornton-li.com,Maryfurt,Antarctica (the territory South of 60 deg S)
C1549,Lindsey,Kent,shelly84@hotmail.com,Ethanbury,Costa Rica
C1550,Mary,Wood,luis88@brown.org,Conwaytown,British Indian Ocean Territory (Chagos Archipelago)
C1551,Richard,Young,christian28@gmail.com,Lake Todd,Moldova
C1552,Joseph,Johnson,davidhardy@gmail.com,New William,Albania
C1553,Dr.,Linda,hollysantos@benton-smith.com,North Joseph,Grenada
C1554,Nicole,Gutierrez,brianna41@gmail.com,Alexaville,Congo
C1555,Matthew,Barber,ysimpson@yahoo.com,Michellehaven,Paraguay
C1556,Kenneth,Wilkinson,walkernicolas@hotmail.com,Julietown,Spain
C1557,Dennis,Weiss,guerreroanthony@yahoo.com,New Susanville,Tunisia
C1558,John,Alvarez,sandra49@todd.org,West Johnny,Singapore
C1559,Travis,Nielsen,vpatton@gmail.com,Port Susan,Cook Islands
C1560,Michael,Price,rfarley@garrison-hurley.info,Lake Tyler,Netherlands
C1561,Joseph,Graham,francisco67@hotmail.com,East Susanmouth,Iraq
C1562,Robert,Reyes,rebeccacampbell@tapia.net,Bradleytown,Cayman Islands
C1563,Joseph,Blanchard,ashley09@yahoo.com,Leeville,Swaziland
C1564,Joseph,Gomez,donna90@gmail.com,Jenniferchester,Sudan
C1565,Lisa,Pearson,mary27@yahoo.com,Heatherview,Uruguay
C1566,Devin,Lang,csmith@castillo-richard.com,Lake Richard,Wallis and Futuna
C1567,Kevin,Murray,rileychristopher@hotmail.com,Codyfort,Kazakhstan
C1568,Dana,Powers,alexanderjonathan@yahoo.com,East Mark,Uzbekistan
C1569,Kelly,Byrd,omartinez@gmail.com,Michaelbury,Equatorial Guinea
C1570,Emily,Smith,halldiamond@cohen.org,Trevorchester,Taiwan
C1571,Jason,Fox,tranjeremy@hotmail.com,Lake Charlesshire,Jordan
C1572,Heather,Hardy,allen58@hotmail.com,East Robert,Tuvalu
C1573,Andrew,Harvey,michaeljones@wilson-jones.com,East Stuartside,India
C1574,Kristopher,Shannon,maria61@hotmail.com,North Erinside,Jordan
C1575,Kyle,Martinez,douglas59@yahoo.com,Higginsbury,Swaziland
C1576,Angelica,Jacobs,xmerritt@yahoo.com,East Nathan,Canada
C1577,Phillip,Wong,martinbradley@gmail.com,West Alexandershire,Belgium
C1578,Cathy,Rodriguez,lynchlindsey@baldwin.com,Martinezview,Guinea
C1579,Edward,Guerrero,crivas@barber.com,Orozcoland,Mozambique
C1580,Jesse,Carney,arianacuevas@kelley.net,Sandraville,Bahrain
C1581,Melissa,Contreras,hhopkins@stewart-lee.org,Port Johnside,Mali
C1582,Dawn,Norman,marklloyd@yahoo.com,North Thomas,Dominican Republic
C1583,Antonio,Price,hedwards@allen.com,Ambertown,Switzerland
C1584,Deanna,Hess,ann15@washington.com,Montoyaborough,Burundi
C1585,William,Gonzalez,kimberlyrussell@wade.com,Clayville,Reunion
C1586,Matthew,Rodriguez,millerrobert@gmail.com,New Brandishire,Timor-Leste
C1587,Jessica,Mendez,rachelwalter@gmail.com,Aaronstad,Lebanon
C1588,Jeremy,Green,barneskathy@conrad.com,Karenside,Andorra
C1589,Benjamin,Luna,vaughnveronica@gmail.com,North Joanne,Antigua and Barbuda
C1590,Alicia,Jimenez,zgomez@hotmail.com,Lake Joshuaburgh,Azerbaijan
C1591,April,Johnson,david59@jensen.com,East Joan,Ethiopia
C1592,Christian,Rivera,vmccoy@yahoo.com,East Margaret,Iraq
C1593,Aaron,Zimmerman,ugraves@gmail.com,East Kenneth,Israel
C1594,Karen,Powell,paulawatkins@craig-chavez.com,Lake Shannonberg,Jamaica
C1595,Robin,Jones,williamchapman@gmail.com,North Jessicaborough,Bolivia
C1596,James,Norris,trevor09@merritt.biz,Courtneyport,Georgia
C1597,Barbara,Nichols,patrick22@gmail.com,Mooreland,Greenland
C1598,Felicia,Turner,kstone@edwards.com,South Nicholas,Nigeria
C1599,Maria,Diaz,kgonzales@yahoo.com,West Austin,Myanmar
C1600,Ryan,Hodges,middletonelizabeth@gmail.com,Lake Megan,Anguilla
C1601,Dale,Spencer,andrearomero@johnson.net,Rodriguezburgh,Saudi Arabia
C1602,Mary,Evans,freemanlynn@harris-mcmahon.org,North Eric,Bangladesh
C1603,Brian,Barker,dmeyer@yahoo.com,South Jermaineburgh,South Africa
C1604,Dr.,Jeffrey,wallaceryan@miller-taylor.com,Jenniferside,Brazil
C1605,Alexander,Davies,linda31@moore-rogers.info,Oliviaburgh,Australia
C1606,James,Sparks,patricia06@randolph.com,South Roger,Kiribati
C1607,Kathryn,Hanna,averycourtney@taylor.com,Ramirezview,Myanmar
C1608,Tracy,Smith,theodore72@crawford.com,Lake Lauren,Libyan Arab Jamahiriya
C1609,George,Le,hamiltontravis@clark.com,East Richardfurt,Papua New Guinea
C1610,Daniel,Valdez,danawashington@hotmail.com,Hoshire,Lao People's Democratic Republic
C1611,Teresa,Berg,mary47@robles-myers.com,Port Heatherton,British Virgin Islands
C1612,Natalie,Hall,colin14@yahoo.com,Lake Isabella,United States Minor Outlying Islands
C1613,Nicolas,Burns,john61@gmail.com,New Timothyshire,El Salvador
C1614,Terry,Montgomery,donna56@hotmail.com,North April,Argentina
C1615,Matthew,Smith,flarsen@jenkins.net,Port David,Angola
C1616,Summer,Hoover,xbrown@green-stewart.biz,New Micheleside,San Marino
C1617,Logan,Conley,dross@yahoo.com,East Amberland,Palau
C1618,Robert,Wilson,matthewcardenas@yahoo.com,Alicialand,Estonia
C1619,Lisa,Brown,kwalker@hotmail.com,Joseside,Mozambique
C1620,George,Huff,gouldchristina@anderson-fernandez.com,Port Gregory,Dominica
C1621,Jennifer,Martinez,deleonmathew@yahoo.com,Henryborough,Mauritius
C1622,Kimberly,Morris,stonemichael@galloway.biz,Port Kristy,Seychelles
C1623,Cindy,Williams,laurie55@lewis-quinn.com,New Dylanmouth,Western Sahara
C1624,Arthur,Hill,fischeralisha@sanders.com,South Jenniferside,Mexico
C1625,Carol,Wood,crystalwatts@nelson.biz,Lake Kathleenmouth,Bangladesh
C1626,David,Perkins,lorettamcdowell@gmail.com,Lake Joshua,Swaziland
C1627,Richard,Chen,wagnerjade@perry.org,Anthonytown,Saint Barthelemy
C1628,Christopher,Hobbs,fitzgeraldlaura@decker.com,Port Elizabethtown,Monaco
C1629,Adam,Howe,turnerstephen@gmail.com,North Marcusshire,Saudi Arabia
C1630,Linda,Campbell,bbennett@gmail.com,North Haileyfort,Reunion
C1631,Rebecca,Alvarez,ehoffman@velez-ferguson.com,South Kristenside,Togo
C1632,Charles,Nelson,kaiserjessica@yahoo.com,Briantown,Russian Federation
C1633,David,Thompson,bwalker@wise-west.info,West Lawrence,Niue
C1634,Linda,Love,martin11@jackson.com,Port Robinport,Qatar
C1635,Anita,Serrano,richardmassey@sharp.info,Joseland,Faroe Islands
C1636,Jason,Grant,vcollins@gmail.com,New Elizabeth,Montenegro
C1637,William,Davila,hannah96@adams.net,Mitchellhaven,Afghanistan
C1638,Shari,Hatfield,pedwards@gmail.com,East Gregoryport,Germany
C1639,Julie,Sims,gfletcher@hotmail.com,West Nicolaston,Egypt
C1640,Anthony,Rodriguez,simmonschris@sherman.net,Mcdonaldton,Papua New Guinea
C1641,Ryan,Pruitt,jameskane@williams.info,North Ebonybury,Russian Federation
C1642,Christopher,Livingston,jtaylor@ross-phillips.biz,Reedmouth,Bahrain
C1643,Daniel,King,alexandra95@hotmail.com,West Jenniferview,Ghana
C1644,Stefanie,Chavez,kellycohen@crane.info,South Nicholas,Slovenia
C1645,Anthony,Medina,sharonho@hotmail.com,East Robertview,China
C1646,Allen,Robertson,alicecalderon@stewart.com,West Mike,Armenia
C1647,David,Wallace,holderadam@hotmail.com,West Kyleburgh,Equatorial Guinea
C1648,Jennifer,Burgess,heathermedina@davis-weber.org,Blairside,New Caledonia
C1649,Crystal,Rodriguez,bellangie@cooper.com,Lake Terrychester,Netherlands
C1650,David,Gutierrez,lori69@hotmail.com,East Robert,Macao
C1651,Steven,Jones,claudia64@hotmail.com,Montgomerytown,Argentina
C1652,Amy,Graham,watkinsdakota@ramirez.org,East Caleb,Sri Lanka
C1653,Leon,Thompson,lauramatthews@rivera-ingram.org,Laurieville,Myanmar
C1654,Jimmy,Lee,aclark@gmail.com,Kinghaven,French Southern Territories
C1655,Derrick,Rogers,noblechristina@martin.com,New Rosetown,Oman
C1656,Keith,Ramirez,taylorlindsay@ortega-murphy.net,Connieview,Switzerland
C1657,John,Barnes,annbennett@mccarthy-kelly.net,New Stacy,Nepal
C1658,Colleen,Phillips,waremegan@gmail.com,Gilmorebury,Swaziland
C1659,Robert,Cisneros,marycastro@yahoo.com,South Jennifer,Luxembourg
C1660,Laura,Tran,grantryan@yahoo.com,New Deborah,Vanuatu
C1661,Jason,Boyd,clinemelissa@reed.com,Adamsberg,United States Minor Outlying Islands
C1662,Cindy,Wells,harold03@yahoo.com,East Heatherport,Indonesia
C1663,Adrian,Patterson,adamcollins@gmail.com,New Ashley,Slovenia
C1664,Danielle,Hamilton,wesley09@yahoo.com,Rickeyburgh,Netherlands
C1665,Timothy,Shah,darlene60@padilla.org,East Natashaberg,Malta
C1666,Stephanie,Butler,oosborn@henry-wells.net,Jenniferhaven,Lithuania
C1667,William,Quinn,woodchloe@hernandez.com,Lewisport,Northern Mariana Islands
C1668,Jessica,Foster,hflowers@ramos.com,Christopherton,Czech Republic
C1669,Melissa,Garcia,hodgejoshua@gmail.com,Carterfurt,Oman
C1670,Bradley,Mullins,mary52@bowen.biz,West Sophia,Bahrain
C1671,Daniel,Howard,brownmandy@hotmail.com,Katherineton,Congo
C1672,Zachary,Smith,christopher70@franklin-barker.biz,South Kristina,Kyrgyz Republic
C1673,Candice,Stevens,collinsann@peterson.com,Matthewburgh,Namibia
C1674,Lauren,Bray,wilsonchristopher@hotmail.com,Jamestown,Kazakhstan
C1675,Charles,Warner,lonniesims@wang.com,South Nicholaschester,Poland
C1676,Seth,Sims,umiller@gmail.com,Michellehaven,British Indian Ocean Territory (Chagos Archipelago)
C1677,April,Burton,julierojas@yahoo.com,Port Jeremiahville,Suriname
C1678,Michael,Schmidt,lmccarthy@taylor-stewart.com,Johnhaven,Israel
C1679,Paul,Wolfe,nicole24@wolfe-baker.info,Port Toni,Hong Kong
C1680,Laura,Clark,michael87@hotmail.com,Jessicaberg,Netherlands Antilles
C1681,Lisa,Rogers,herringbrenda@medina.biz,Bishopton,Micronesia
C1682,Kayla,Kent,jared88@hotmail.com,Benjaminton,San Marino
C1683,Anthony,Reyes,palmerjason@gmail.com,Johnborough,French Guiana
C1684,Andrew,Richardson,anthony18@hotmail.com,Port Madison,Bosnia and Herzegovina
C1685,Michele,Castro,ltaylor@watson-gray.org,Port Alicia,Isle of Man
C1686,Brenda,Rogers,jacqueline50@fisher.com,Nicoleville,United States of America
C1687,Mariah,Mclaughlin,robintorres@payne-walton.info,Chandlerberg,Hong Kong
C1688,Shelby,Warner,esimon@gmail.com,North Codymouth,Zimbabwe
C1689,Paige,Flores,carolyn76@yahoo.com,Griffithville,Bolivia
C1690,Kathy,Henderson,kathrynsantana@rodriguez.org,New Theresabury,Canada
C1691,Jake,Chavez,martingarrett@yahoo.com,Lake Erikafort,Cuba
C1692,Sandra,Harrison,davidcook@waller.com,East Richard,Libyan Arab Jamahiriya
C1693,Samantha,Lam,dfoster@gmail.com,Yvonneton,France
C1694,Jacob,Nunez,nicoleturner@lopez.biz,Bondland,Zambia
C1695,Vanessa,Ware,ericpeters@smith-moore.com,Port Cherylhaven,Australia
C1696,Stephen,Miller,ehale@hotmail.com,Changmouth,Libyan Arab Jamahiriya
C1697,Christopher,Mullen,wmccarthy@gmail.com,Davishaven,Lesotho
C1698,Christopher,Rodriguez,lucasmcconnell@yahoo.com,Maxwellhaven,Montenegro
C1699,Chris,Harris,lori69@yahoo.com,North Rhondaborough,Ethiopia
C1700,Alison,Butler,tracy90@blackwell.com,Port Anthonyville,Egypt
C1701,Tara,Wells,matthew09@hotmail.com,Kimberlyville,Djibouti
C1702,Oscar,Smith,brewerdevin@gmail.com,Port Carla,Switzerland
C1703,Alex,Pham,kevindavis@valdez-simmons.com,East Haleymouth,China
C1704,Kelly,Rogers,eleonard@gmail.com,Walshfort,Serbia
C1705,Mary,Buchanan,zwhite@hotmail.com,Jessicaville,Gibraltar
C1706,Mr.,Joseph,wdrake@oconnor.com,Rangelborough,Jordan
C1707,Keith,Villanueva,david86@gibson.biz,Richardsonstad,Cocos (Keeling) Islands
C1708,Richard,Perez,turnerjonathan@hotmail.com,North Charles,Cote d'Ivoire
C1709,Dwayne,Bruce,xshaw@joseph-richard.com,Port Davidhaven,Saint Pierre and Miquelon
C1710,Duane,Huber,tinaschmidt@berg-miller.com,Danielport,Portugal
C1711,Caitlyn,Nichols,james97@yahoo.com,East Randy,Malawi
C1712,Christopher,Erickson,hcampbell@stevens-williams.org,Coopertown,Paraguay
C1713,Rebecca,Martin,ronald40@hotmail.com,Port Wendy,Namibia
C1714,Xavier,Andrews,kellybutler@yahoo.com,East Lisa,Nauru
C1715,Jacob,Harris,cynthia91@yahoo.com,East Catherine,French Guiana
C1716,Mary,Spence,fwright@davis.biz,North John,Mozambique
C1717,Jerry,Cantrell,teresa93@hotmail.com,Matthewchester,Mongolia
C1718,Barbara,Johnson,jonesnathan@gmail.com,North Jonathanton,United States Minor Outlying Islands
C1719,Patricia,Gould,uhunt@morgan.com,Davidside,Brazil
C1720,Brittney,Cordova,vjohnson@yahoo.com,Shepardton,New Caledonia
C1721,Katie,Holland,ysanford@duncan.org,Crystalmouth,Kiribati
C1722,Steven,Montes,brooksthomas@hill-barker.com,South Selena,Sri Lanka
C1723,Wendy,Estrada,jacobsrenee@hotmail.com,Grahamton,American Samoa
C1724,Monica,Nielsen,adam30@yahoo.com,North Juliechester,Bangladesh
C1725,Brian,Mendoza,joseph95@walker.com,North Sherryton,Rwanda
C1726,Michael,Wilson,carrjessica@wilcox.com,West Peter,Swaziland
C1727,Luke,Robinson,aspears@yahoo.com,Port Monicatown,United States Minor Outlying Islands
C1728,Gabriel,Franklin,michael72@yahoo.com,Mooremouth,Estonia
C1729,Joseph,Harrington,amandajackson@yahoo.com,West Shelbyborough,Chad
C1730,Christina,Miller,kjohnson@gmail.com,East Katrinaview,Turks and Caicos Islands
C1731,Megan,Rosario,christopher85@yahoo.com,Michaelchester,Jersey
C1732,Jennifer,Henry,shannon70@gmail.com,South Ashley,Thailand
C1733,Kayla,Brown,annette60@hawkins-henry.com,Simsfort,Zimbabwe
C1734,Jennifer,Baldwin,nicholasrush@gmail.com,Hinesberg,Panama
C1735,James,Smith,hrobinson@roberts.biz,New Marie,Burundi
C1736,Eric,Griffin,karen69@yahoo.com,Karaton,Anguilla
C1737,Cindy,Barron,crystal58@hotmail.com,East Kevinside,Croatia
C1738,Jennifer,Ramos,michelesimpson@yahoo.com,Port Allisonmouth,Lao People's Democratic Republic
C1739,Nicholas,Hurst,lmoore@yahoo.com,West Kenneth,Austria
C1740,Jennifer,Houston,patelmatthew@yahoo.com,Royside,Malawi
C1741,Briana,Turner,reyesdenise@jenkins-fields.org,South Brandon,Kuwait
C1742,Kelly,Rogers,chelseagordon@greene.biz,Lake Nicholas,Svalbard & Jan Mayen Islands
C1743,Jaime,Smith,chelsea29@kennedy.org,North Curtisstad,United Kingdom
C1744,Denise,Thompson,melissamartin@yahoo.com,Vazqueztown,Mauritania
C1745,Keith,Melendez,thomasmarquez@morris.com,New Michealshire,Tanzania
C1746,Ronnie,Roberts,beckystevens@morrison.info,Port Keithshire,Chile
C1747,Rodney,Turner,monica23@bowen-jones.com,North Jennifer,Botswana
C1748,Patrick,Walker,eatkins@yahoo.com,Braunshire,Benin
C1749,Eric,Davidson,baldwincatherine@hotmail.com,South Katelyn,Isle of Man
C1750,Becky,Wade,ucastillo@carter.com,Wangshire,Azerbaijan
C1751,Christopher,Knox,gmoran@hotmail.com,Kaneport,Tajikistan
C1752,Alyssa,Hubbard,gcobb@gmail.com,Davishaven,Cayman Islands
C1753,Wesley,George,bowenmichael@hotmail.com,Dustinstad,Panama
C1754,Mr.,David,robinpope@gmail.com,Walshshire,Papua New Guinea
C1755,Sabrina,Brooks,riveraheather@yahoo.com,East Mark,Palestinian Territory
C1756,Alicia,Green,katherinepeterson@hotmail.com,West Andrewhaven,Antarctica (the territory South of 60 deg S)
C1757,Brianna,Murray,kristin49@yahoo.com,Ashleyborough,Niue
C1758,Heather,Brown,earlroberts@beard.com,East Daniel,Spain
C1759,Mark,Friedman,shirley29@hotmail.com,West Kimberly,Panama
C1760,Eddie,Fowler,rmarquez@yahoo.com,Powellside,Nigeria
C1761,Cory,Burton,dwaynecarter@scott-perez.com,South Cindytown,Eritrea
C1762,Linda,Jackson,breannagreen@hotmail.com,Mooreville,Bhutan
C1763,Eugene,Kirk,kmontgomery@yahoo.com,Gallaghertown,Thailand
C1764,Denise,Wolfe,alexandra67@jackson.biz,Thompsonborough,Venezuela
C1765,Joseph,Bell,petersonkyle@hernandez.com,Annabury,United Arab Emirates
C1766,Chad,Campbell,victor90@singleton.com,West Elizabeth,Vietnam
C1767,Jennifer,Mccall,elizabeth61@romero-nelson.net,Debrahaven,Mauritius
C1768,Daniel,Gordon,griffinalexandra@scott.com,Lake Penny,Western Sahara
C1769,Rebecca,Hansen,hannahbryant@krause.net,Port Loriport,South Georgia and the South Sandwich Islands
C1770,Tiffany,Mathis,pauljessica@gmail.com,West Susanville,Belize
C1771,Michaela,Lang,bruce33@gill.com,Lake Ashley,Dominica
C1772,Thomas,Wilson,gonzalezdarren@gmail.com,Petersonside,Heard Island and McDonald Islands
C1773,Alan,Bailey,corylawrence@hotmail.com,South Brittany,Poland
C1774,Brenda,Ramos,ashley96@gmail.com,Amyberg,Reunion
C1775,Ms.,Tracy,briannareid@yahoo.com,Guerreroland,Sao Tome and Principe
C1776,Patrick,Wilson,karen94@welch-murphy.info,Berrystad,New Zealand
C1777,Michael,Watts,joseph83@yahoo.com,Mccoyborough,Montenegro
C1778,Daniel,Zavala,connie12@yahoo.com,New Timothychester,Malawi
C1779,Phillip,Rodriguez,patricia87@martin-jones.biz,Lake Mariaberg,Nauru
C1780,John,Reynolds,schaeferscott@hotmail.com,Port Allison,Macedonia
C1781,Andrew,Keller,kimberlyhines@parker.com,Tinaville,Turks and Caicos Islands
C1782,Julie,Kerr,cohensara@gmail.com,Meganview,Slovakia (Slovak Republic)
C1783,Eric,Smith,eric62@bishop.com,Weaverbury,Mozambique
C1784,Caleb,Guzman,rchan@gmail.com,Melissaview,Kiribati
C1785,Christina,Lambert,tmichael@yahoo.com,Port Anthonyburgh,United Arab Emirates
C1786,Charles,Francis,matthew55@parker-elliott.biz,Goodwintown,Cameroon
C1787,Kevin,Bell,abrown@brewer-taylor.info,Lake Melissachester,Ukraine
C1788,Phyllis,Austin,cardenasjames@hotmail.com,Solomonfurt,Bouvet Island (Bouvetoya)
C1789,Andrea,Weiss,marissa05@yahoo.com,North Darrylfurt,Belize
C1790,Kendra,Baldwin,angela33@hotmail.com,North Christopher,Kenya
C1791,Carolyn,Webster,daniel32@yahoo.com,Port Cheryl,Angola
C1792,Nicholas,Glass,ccrane@hotmail.com,North Sierrafurt,Saint Martin
C1793,Sarah,Wells,mwright@hotmail.com,New Deborahland,Taiwan
C1794,Cathy,Nunez,garciadanielle@yahoo.com,Crystalland,Martinique
C1795,Ruben,Zavala,hmclean@yahoo.com,Brianchester,Macao
C1796,Jose,Russell,nguyenkimberly@holloway-sawyer.org,Port Crystal,Nigeria
C1797,Emily,Owens,annagonzales@yahoo.com,Port Brandi,Myanmar
C1798,Kathleen,Ward,hannah21@hotmail.com,Mayberg,French Guiana
C1799,Nathan,Miller,rebecca73@gmail.com,Lake Michealview,Vanuatu
C1800,James,Bryant,xperez@yahoo.com,Andrefort,Panama
C1801,Sarah,Perez,jonathan02@may.biz,Ramosport,Madagascar
C1802,William,Patterson,deckerbrian@hotmail.com,Martinmouth,Antarctica (the territory South of 60 deg S)
C1803,Stephanie,Lang,knightwendy@hotmail.com,Lake Richard,Suriname
C1804,Holly,Smith,vcampbell@hotmail.com,Powersberg,Swaziland
C1805,Megan,Sanders,cunninghamterri@schmidt.com,Andrewland,Thailand
C1806,Megan,Wilson,karenwang@yahoo.com,Hardyfort,Barbados
C1807,Michael,Madden,vhayes@gmail.com,Leblancburgh,Mauritius
C1808,Stephanie,Jackson,whitebarbara@yahoo.com,Port Kimberlytown,Vanuatu
C1809,Curtis,Gonzalez,moraleskelly@hotmail.com,Zunigaside,Iran
C1810,Jennifer,Hall,smithmarcus@gmail.com,Carlosborough,Uganda
C1811,Jonathan,Hubbard,breannasaunders@hotmail.com,East Shawn,Eritrea
C1812,Linda,Avila,kaylaandrews@yahoo.com,East Stephaniemouth,Gabon
C1813,Terri,Kelly,kendraharris@garcia.org,Jenniferburgh,Marshall Islands
C1814,Tiffany,Archer,amberblevins@harrell-hebert.com,West Ruth,Burundi
C1815,Brittany,Gibson,frank43@barton.com,Rodriguezside,Central African Republic
C1816,John,Hall,flowersnicholas@yahoo.com,South Alexburgh,Senegal
C1817,Alyssa,Rojas,cwilliams@gonzalez-wise.org,North Carrietown,British Indian Ocean Territory (Chagos Archipelago)
C1818,Kathleen,Johnson,costawilliam@ramsey.com,Rodriguezchester,Korea
C1819,Larry,Murphy,kara56@gmail.com,Port William,Yemen
C1820,Marcus,Wolf,marshmichael@hicks-duffy.com,Davidfort,Turkmenistan
C1821,Kelly,Vasquez,zlara@gomez.com,Nicholasborough,Turks and Caicos Islands
C1822,Edward,Jimenez,jerome16@yahoo.com,South Charles,Guinea-Bissau
C1823,Kimberly,Pacheco,jessica50@boone.org,Kurtshire,Maldives
C1824,Alicia,Gallagher,apriltaylor@farmer-brown.com,Lake Susanshire,Malawi
C1825,Sheryl,Wilson,christina26@gmail.com,Brandonfurt,Saint Pierre and Miquelon
C1826,Jessica,Johnson,judypatrick@diaz.com,Williamville,Vanuatu
C1827,Matthew,Chan,zharris@brooks.com,Hillton,Djibouti
C1828,Carly,Jordan,anthony70@wiggins.biz,South Jamie,Montenegro
C1829,James,Gallagher,craigbailey@davis.com,Marilynfurt,Kazakhstan
C1830,Katherine,Spencer,ilucero@yahoo.com,Fergusonberg,Macedonia
C1831,Julie,Hart,collinsterrance@anderson-douglas.com,Figueroafort,Holy See (Vatican City State)
C1832,Anthony,Baker,kvasquez@martinez.com,East Charles,Kazakhstan
C1833,Jamie,Rhodes,donnapaul@powell.com,Lake Christopher,Venezuela
C1834,Diane,Brown,jessicaturner@hotmail.com,Shannonshire,Algeria
C1835,Bethany,Richardson,kathleen25@yahoo.com,North Courtney,Mauritania
C1836,Lauren,Hubbard,bethmichael@gmail.com,Aprilchester,China
C1837,Jamie,Patterson,bauertiffany@gmail.com,New Amy,Bahamas
C1838,Jennifer,Brown,conleyjohn@morris-armstrong.info,Muellermouth,Sudan
C1839,Erik,Miller,courtneymontoya@hotmail.com,Port Ronald,Anguilla
C1840,Sheila,Wilson,dhaney@hotmail.com,Port Lynn,Eritrea
C1841,Joshua,Johnson,rwilson@hotmail.com,North Melanie,Mauritania
C1842,Jenny,Robertson,wendy24@yahoo.com,New Erin,Aruba
C1843,Alex,Harrison,qalvarado@yahoo.com,Rickymouth,Italy
C1844,Eugene,Hudson,caseyronald@gmail.com,New Karen,Lebanon
C1845,Brent,Freeman,perezstephen@martinez.com,South Kristenshire,Ghana
C1846,Christine,Crawford,kurt68@burch.com,Powellville,Lebanon
C1847,Mary,Jackson,donaldbecker@gmail.com,Mendozaton,Papua New Guinea
C1848,Wayne,Harris,alicia29@warren.com,Valenciafort,Bermuda
C1849,Valerie,Jones,erik29@bridges.com,South April,Switzerland
C1850,Cindy,Baker,joshuahaley@yahoo.com,Port Laura,Tajikistan
C1851,Kenneth,Ballard,asantana@yahoo.com,Kathyfurt,Cocos (Keeling) Islands
C1852,Tina,Robbins,derek40@gmail.com,North Donna,Tajikistan
C1246,Caitlin,Chandler,jasonbrock@gmail.com,Dustinland,Singapore
C1853,Leslie,Nelson,jason99@gmail.com,East Jeffrey,Comoros
C1854,Kiara,Simmons,etaylor@duran.biz,Markburgh,Hong Kong
C1855,Billy,Colon,mmyers@flowers.com,South Erikastad,Monaco
C1856,Elizabeth,Alvarado,patriciamartinez@hotmail.com,Port Matthewmouth,Belize
C1857,Jason,King,scottchambers@smith-wilson.com,Lake Josephshire,French Southern Territories
C1858,Megan,Kelley,chall@short-weaver.org,Lake Charles,Nauru
C1859,Lori,Black,chadwerner@hotmail.com,North Tina,Iraq
C1860,Jonathan,Guerrero,stefanie06@yahoo.com,West Ashley,Bermuda
C1861,Teresa,Adams,ksimmons@holt.com,Fischerton,Serbia
C1862,Rhonda,Farrell,brightcarrie@grimes.info,Joeside,Oman
C1863,Taylor,Barber,gbrown@yahoo.com,Kristatown,Paraguay
C1864,Curtis,Ford,danielle56@hotmail.com,East Patricia,Belize
C1865,Paul,Cannon,christopher17@gmail.com,Port Markton,Vietnam
C1866,Jennifer,Dalton,brittanywade@gmail.com,Lake Meagan,Cayman Islands
C1867,Madison,Singleton,qobrien@yahoo.com,Proctorview,Madagascar
C1868,Dustin,Martin,garzalaura@johnston.com,Deborahport,Uganda
C1869,Cynthia,Allen,tochoa@hotmail.com,Meghanhaven,Luxembourg
C1870,Alexis,Robles,deborah77@boyer.biz,Lake Christopherstad,Peru
C1871,John,Esparza,ashleyjohnson@garcia-knapp.com,Garretthaven,Svalbard & Jan Mayen Islands
C1872,Taylor,Harris,michael55@gmail.com,Riverston,Namibia
C1873,Allen,Clarke,ubowers@yahoo.com,Davisburgh,Faroe Islands
C1874,Juan,Newman,jasontownsend@hotmail.com,New Richard,Somalia
C1875,Nathan,Casey,xmullins@gmail.com,Woodsside,Chad
C1876,Steven,Edwards,cookchristina@hotmail.com,North Sarah,Nepal
C1877,Arthur,Friedman,maria11@sullivan.biz,Hillland,Paraguay
C1878,Megan,Blackwell,melissa75@shaffer-huang.com,Lake Courtneymouth,Jamaica
C1879,Ryan,Cameron,allen39@stout-graves.net,Bishopfort,Moldova
C1880,Kenneth,Mason,raymonddominguez@gmail.com,Weavershire,United Kingdom
C1881,Matthew,Carpenter,dawsonrobin@sullivan.net,Wagnerberg,Macedonia
C1882,Kelly,Crawford,yanderson@gmail.com,West Zachary,Canada
C1883,Kyle,Mejia,nguyenjeffrey@gmail.com,South Virginia,Kyrgyz Republic
C1884,Ronnie,Mclaughlin,elizabethhill@walker-neal.com,Port Dawnmouth,Saint Kitts and Nevis
C1885,Natasha,Walls,scottcain@smith.com,South Dawnbury,Sao Tome and Principe
C1886,Brian,Lewis,jperry@hotmail.com,Brettview,India
C1887,Jason,Roy,hlopez@ross.biz,Lake Patriciastad,Morocco
C1888,Joseph,Lyons,linda46@yahoo.com,Jamesmouth,Western Sahara
C1889,Joshua,Wells,lukekelly@hotmail.com,Carrolltown,Paraguay
C1890,Donald,Mueller,michelle38@anderson.net,East Joshuaside,Venezuela
C1891,John,Richardson,daniel93@hotmail.com,Port Julie,Thailand
C1892,Matthew,Stein,stevenandrews@gmail.com,Josephburgh,Lesotho
C1893,Patrick,Lindsey,bcrawford@gmail.com,Murrayfurt,Papua New Guinea
C1894,Thomas,Powers,castroangelica@huang.com,East Michael,Norfolk Island
C1895,James,Fowler,cameron49@valentine-luna.org,Jacobbury,Australia
C1896,Stephanie,Jennings,ipadilla@yahoo.com,Lake Amanda,Ethiopia
C1897,Cynthia,Ramos,scollins@torres.net,Kristinebury,Aruba
C1898,Tyler,Pennington,katiebaird@hotmail.com,New Susan,Myanmar
C1899,Elizabeth,Mayer,arellanobrian@yahoo.com,West Richardview,Guinea
C1900,Elizabeth,Villarreal,austinalyssa@martin.com,Lake Erinmouth,Denmark
C1901,Jeffrey,Stewart,bankstroy@rivera.biz,New Kathleen,Rwanda
C1902,Maria,Mccormick,ejames@gmail.com,Thompsonmouth,British Indian Ocean Territory (Chagos Archipelago)
C1903,Bobby,Chan,codykelly@hotmail.com,Jacksonshire,Eritrea
C1904,Norman,House,victor24@yahoo.com,South Sophia,United Kingdom
C1905,Thomas,Garcia,michaelholland@morgan.net,Port Heather,Somalia
C1906,Dean,Jones,suarezbruce@hotmail.com,Alyssastad,Benin
C1907,Nicholas,Kelley,cody08@smith.com,East Michellehaven,Somalia
C1908,Michael,Gill,michele23@oliver.com,New Jenniferstad,Morocco
C1909,Catherine,Ramos,carolberry@mccarthy-hobbs.com,Anthonyfort,Jamaica
C1910,April,Gonzalez,cjohnson@beasley.com,Stephanieside,Bouvet Island (Bouvetoya)
C1911,Kenneth,Rodriguez,baileyhenry@hotmail.com,Alexismouth,Guinea
C1912,Micheal,Saunders,jimenezcarrie@mora.net,Mejiaport,Japan
C1913,Beverly,Wheeler,qraymond@hotmail.com,Jeffreyborough,Aruba
C1914,Todd,Hayes,john23@lopez-powell.com,Courtneyville,Lithuania
C1915,Brandi,Thompson,qcochran@webster.com,Port Danielfort,United Arab Emirates
C1916,Erin,Campbell,psherman@gmail.com,Martinborough,Mexico
C1917,Jacob,Long,derek34@hotmail.com,Brandiview,Norway
C1918,Ruben,Hudson,fgraham@yahoo.com,North Maryborough,Egypt
C1919,Alexander,Hansen,jgarcia@lynch-torres.com,Parkermouth,Christmas Island
C1920,Crystal,Davis,lopezchristopher@adkins.com,Shawnmouth,Libyan Arab Jamahiriya
C1921,Dennis,Christian,williamskevin@bell.com,Jamesborough,Finland
C1922,Luke,Burke,williammaldonado@gmail.com,West Christine,Peru
C1923,Tyler,Jackson,bryantjacob@joseph.com,Port Robert,Uganda
C1924,Alexis,Fox,ashleyaustin@gmail.com,East Laurenmouth,Sri Lanka
C1925,Tanya,Wilcox,rachelwilson@yahoo.com,Brandonview,Portugal
C1926,Danny,Harris,donnaherman@joyce-benitez.com,Lake Michelle,Mexico
C1927,Deborah,Francis,jwilliams@hotmail.com,West Stephanieland,Micronesia
C1928,Jeffrey,Clark,nicole69@shields.com,Port Michaelmouth,Czech Republic
C1929,Roger,Acosta,perryrobert@yahoo.com,Gilbertville,Grenada
C1930,Christopher,Sparks,aking@schwartz.com,Hoffmanberg,Saint Kitts and Nevis
C1931,William,Young,walshdarius@jones-herrera.com,Smithstad,Honduras
C1932,David,Aguilar,smitchell@yahoo.com,East Megan,Guinea
C1933,Angelica,Harrison,juarezralph@gmail.com,Richardberg,Botswana
C1934,Valerie,Sanders,hgonzalez@harrison.com,Angelachester,Slovakia (Slovak Republic)
C1935,James,Henderson,whitakerjack@drake.info,Brownmouth,Venezuela
C1936,Angel,Hawkins,charper@peck.com,Sparksmouth,Kuwait
C1937,Timothy,Ruiz,carrollstacy@yahoo.com,Ramirezburgh,Morocco
C1938,Larry,Lambert,michaelgonzalez@hotmail.com,South Janice,South Georgia and the South Sandwich Islands
C1939,Michelle,Pacheco,sjames@brown.info,Tonyaview,Togo
C1940,Jonathan,James,pjones@rice.com,Jessicachester,Sri Lanka
C1941,Megan,Anderson,cohenrobert@smith.com,Lauramouth,Palestinian Territory
C1942,Amanda,White,thomasdale@gmail.com,Gregoryberg,Paraguay
C1943,Johnathan,Morgan,dsmith@mack-wilson.com,Susanville,Norway
C1944,Brandon,Page,smithmadison@pineda-newman.com,Port Heathermouth,Indonesia
C1945,David,Edwards,pkent@hotmail.com,East Sarahtown,Cocos (Keeling) Islands
C1946,Kathryn,Mcpherson,michael77@gmail.com,North Ericport,French Guiana
C1947,Isaac,Jordan,jeffrey42@yahoo.com,Danielleshire,Northern Mariana Islands
C1948,Deborah,Gallegos,michealsmith@yahoo.com,North Susan,Aruba
C1949,Kelly,Graham,stevensjennifer@christian.com,Lake Natalie,Turks and Caicos Islands
C1950,Norman,Henry,afisher@quinn-wallace.biz,Port Markmouth,Netherlands Antilles
C1951,Kristi,Livingston,matthew62@hotmail.com,East Adammouth,Vanuatu
C1952,Jessica,Lopez,jaylee@gould.org,Johnsonborough,Italy
C1953,Clifford,Harrison,wkelley@yahoo.com,Petersburgh,Reunion
C1954,John,Wilson,jason27@gmail.com,West Kevinhaven,Northern Mariana Islands
C1955,Kathleen,Alexander,rebecca96@gmail.com,Cruzfort,Finland
C1956,Kristina,Ellis,matthewwu@cruz.info,South Sylvia,Syrian Arab Republic
C1957,Brittany,Bailey,paulestrada@terrell-becker.com,South Shane,New Caledonia
C1958,Duane,Conley,edwardstewart@gmail.com,Ballport,Honduras
C1959,Samantha,Elliott,wstewart@schmidt.com,Hernandeztown,Hungary
C1960,Christy,Bolton,smithsamantha@rivera.com,West Meghan,Mauritius
C1961,Randall,White,juliarubio@yahoo.com,West Keith,Egypt
C1962,Danielle,Jimenez,cindy59@alvarez-padilla.com,New Jefferyburgh,Saint Helena
C1963,Gary,Mitchell,langernest@gmail.com,Lake Dennisland,Estonia
C1964,Mrs.,Jacqueline,nwilson@moore-tran.info,East Catherine,Vietnam
C1965,Frank,Johnson,theresabeck@gmail.com,Lake Kevinland,New Caledonia
C1966,Michael,Castillo,camposderek@yahoo.com,South Joannaland,Japan
C1967,Debra,Barrett,xwoods@gmail.com,South Jose,Anguilla
C1968,Andrew,Dean,lrichards@yahoo.com,East Jennifer,Ethiopia
C1969,Travis,Cooke,kpotts@blackwell-huerta.com,Cooperside,Korea
C1970,Rebecca,Anderson,dennisevans@rangel-rodriguez.com,Port Thomas,Madagascar
C1971,Rebecca,Campbell,jennifer15@hotmail.com,Lake Stephenburgh,Georgia
C1972,Natasha,Payne,howellbrittany@gmail.com,Timothymouth,Canada
C1973,Anna,Scott,james48@gmail.com,Juliestad,Bahrain
C1974,Randy,Ross,rebecca03@hotmail.com,Timothyfurt,Kenya
C1975,Daniel,Price,shane65@gmail.com,Port Ashley,Algeria
C1976,Matthew,Best,vhopkins@hotmail.com,West Douglasland,Cape Verde
C1977,Edwin,Owen,monicahouse@navarro.com,Reyesside,Moldova
C1978,Tammy,Mckee,rebeccajames@gmail.com,Lake Curtis,Guadeloupe
C1979,Heather,Davis,zrogers@hotmail.com,New Mistymouth,Bosnia and Herzegovina
C1980,Curtis,Griffin,izimmerman@yahoo.com,Lake Taylorland,Hungary
C1981,Derrick,Burke,tracyadams@yahoo.com,Mcdanielborough,Cambodia
C1982,Jay,Richardson,michelle10@drake.com,Cobbborough,Cayman Islands
C1983,Mark,Davis,nathanielmoore@maxwell.com,Port Sara,Venezuela
C1984,Valerie,Rhodes,molly91@aguilar.com,Hunterberg,Guinea-Bissau
C1985,Michelle,Arias,browndominic@house.com,Lake Robert,Morocco
C1986,Maria,Miller,omoody@williams.biz,North Jessica,Senegal
C1987,Bob,Solis,thomasgonzalez@yahoo.com,Dianeshire,Ecuador
C1988,William,Sutton,rroberts@hancock.com,Lake Kevinside,Sweden
C1989,David,Patterson,terribaker@johnston.com,East Peggy,Niue
C1990,Kristen,Lowery,melindaavila@martin.org,Denisebury,Ireland
C1991,Kayla,Gutierrez,shunter@gmail.com,West Angela,Falkland Islands (Malvinas)
C1992,Nathan,Hess,madison38@gmail.com,Josephville,Mauritania
C1993,Kevin,Mack,karen10@gmail.com,Hardymouth,Mauritius
C1994,Patrick,Ford,raven09@yahoo.com,Robinsonfurt,Brunei Darussalam
C1995,Sarah,Williams,vsmith@davis.com,Johntown,Afghanistan
C1996,Michael,Edwards,jessica57@harmon-castillo.info,Joseview,Macao
C1997,Nicole,Cole,vedwards@gmail.com,Carrville,Montenegro
C1998,Gloria,Hull,bradgomez@hobbs-nguyen.biz,South Cassandra,Somalia
C1999,Christine,Miller,jhayes@hotmail.com,Smithshire,Slovakia (Slovak Republic)